{"_v":"18.1","clients":[{"client_id":"70163274-33ab-467a-ba38-cacab2a0d221","resources":[{"methods":["get"],"read_attributes":"(**)","write_attributes":"(**)","resource_id":"/code_versions"},{"methods":["patch","delete"],"read_attributes":"(**)","write_attributes":"(**)","resource_id":"/code_versions/*"},{"methods":["post"],"read_attributes":"(**)","write_attributes":"(**)","resource_id":"/jobs/*/executions"},{"methods":["get"],"read_attributes":"(**)","write_attributes":"(**)","resource_id":"/jobs/*/executions/*"},{"methods":["post"],"read_attributes":"(**)","write_attributes":"(**)","resource_id":"/sites/*/cartridges"}]}]}